gene,clitical,degree,cluster,identifier,domain_summary_url,annotation,other_names_and_aliases
SNRPE,2,9,0.2777777777777778,9606.ENSP00000400591,"Small nuclear ribonucleoprotein E; Plays role in pre-mRNA splicing as core component of the SMN- Sm complex that mediates spliceosomal snRNP assembly and as component of the spliceosomal U1, U2, U4 and U5 small nuclear ribonucleoproteins (snRNPs), the building blocks of the spliceosome. Component of both the pre-catalytic spliceosome B complex and activated spliceosome C complexes. Is also a component of the minor U12 spliceosome. As part of the U7 snRNP it is involved in histone 3'-end processing. May indirectly play a role in hair development.",https://smart.embl.de/smart/DDvec.cgi?smart=92:Sm(23|89)+,"3CW1,3JCR,3PGW,4F7U,4PJO,4V98,4WZJ,5MQF,5O9Z,5XJC,5XJL,5XJQ,5XJR,5XJS,5XJT,5XJU,5YZG,5Z56,5Z57,5Z58,6635,6AH0,6FF7,6ICZ,6ID0,6ID1,6QDV,6QW6,6QX9,A6NHK2,AAA36621.1,AAA90926.1,AAB59365.1,AAH02639.1,AAH90951.1,AC114402,AC118554,AK312130,B2R5B9,BAG35066.1,BC002639,BC090951,CAA31007.1,CCDS30979,CCDS30979.1,CH471067,EAW91494.1,ENSG00000182004,ENSP00000318266,ENSP00000356176,ENSP00000356177,ENSP00000400591,ENST00000319409,ENST00000338402,ENST00000367208,ENST00000367208.1,ENST00000414487,ENST00000414487.6,ENST00000469451,ENST00000469451.1,ENST00000470492,ENST00000470492.5,ENST00000475035,ENST00000475035.5,ENST00000483099,ENST00000483099.5,HGNC:11161,HYPT11,M15919,M21253,M21258,M37716,NM_001304464,NM_001304464.1,NM_001304464.2,NM_001328637,NM_001328637.1,NM_001328637.2,NM_001328638,NM_001328638.1,NM_001328638.2,NM_003094,NM_003094.3,NM_003094.4,NP_001291393,NP_001291393.1,NP_001315566,NP_001315566.1,NP_001315567,NP_001315567.1,NP_003085,NP_003085.1,NR_130746,NR_130746.2,NX_P62304,OMIM:128260,OTTHUMG00000035985,P08578,P62304,Q15498,Q5BKT2,R-HSA-111367,R-HSA-191859,R-HSA-194441,R-HSA-72163,R-HSA-72165,R-HSA-72172,R-HSA-72203,R-HSA-73856,R-HSA-73857,R-HSA-74160,R-HSA-75067,R-HSA-77588,R-HSA-8953854,RUXE_HUMAN,SME,SNRPE,SNRPE-201,SNRPE-202,SNRPE-203,SNRPE-204,SNRPE-205,SNRPE-206,Sm protein E,Sm-E,SmE,Small nuclear ribonucleoprotein E,Small nuclear ribonucleoprotein polypeptide E,UPI0000029B34,UPI00002056B2,URS00008BAC8B,X12466,hsa:6635,small nuclear ribonucleoprotein polypeptide E,snRNP-E,uc001hai.4"
PABPC1,1,6,0.2,9606.ENSP00000313007,"Polyadenylate-binding protein 1; Binds the poly(A) tail of mRNA, including that of its own transcript, and regulates processes of mRNA metabolism such as pre-mRNA splicing and mRNA stability. Its function in translational initiation regulation can either be enhanced by PAIP1 or repressed by PAIP2. Can probably bind to cytoplasmic RNA sequences other than poly(A) in vivo. Involved in translationally coupled mRNA turnover. Implicated with other RNA-binding proteins in the cytoplasmic deadenylation/translational and decay interplay of the FOS mRNA mediated by the major coding-region deter [...]",https://smart.embl.de/smart/DDvec.cgi?smart=636:RRM(12|85)+RRM(100|171)+RRM(192|264)+RRM(295|366)+PolyA(554|617)+,"1CVJ,1G9L,1JGN,1JH4,26986,2K8G,2RQG,2RQH,2X04,3KTP,3KTR,3KUI,3KUJ,3KUR,3KUS,3KUT,3PKN,3PTH,4F02,4F25,4F26,5DX1,5DX8,5DXA,5LGP,5LGQ,5LGR,5LGS,A0A024R9C1,A0A087WTT1,AAD08718.1,AAH15958.1,AAH23520.1,AP001205,BC015958,BC023520,CAA68428.1,CAA88401.1,CAB011536,CCDS6289,CCDS6289.1,CH471060,CHEMBL1293286,E5RFD8,E5RGC4,E5RGH3,E5RH24,E5RHG7,E5RJB9,E5RJM8,E7EQV3,E7ERJ7,EAW91815.1,EAW91817.1,ENSG00000070756,ENSP00000174661,ENSP00000313007,ENSP00000350613,ENSP00000427805,ENSP00000427914,ENSP00000428021,ENSP00000428030,ENSP00000428190,ENSP00000428749,ENSP00000428840,ENSP00000428937,ENSP00000428948,ENSP00000429032,ENSP00000429119,ENSP00000429395,ENSP00000429594,ENSP00000429790,ENSP00000429892,ENSP00000430012,ENSP00000430068,ENSP00000430159,ENSP00000430716,ENSP00000478108,ENST00000174661,ENST00000318607,ENST00000318607.9,ENST00000347137,ENST00000357933,ENST00000517403,ENST00000517403.5,ENST00000517921,ENST00000517921.1,ENST00000517990,ENST00000517990.5,ENST00000518196,ENST00000518196.5,ENST00000518293,ENST00000518293.5,ENST00000518716,ENST00000518716.1,ENST00000519004,ENST00000519004.5,ENST00000519100,ENST00000519100.5,ENST00000519363,ENST00000519363.1,ENST00000519596,ENST00000519596.5,ENST00000519622,ENST00000519622.5,ENST00000519848,ENST00000519848.1,ENST00000520142,ENST00000520142.1,ENST00000520804,ENST00000520804.1,ENST00000520868,ENST00000520868.5,ENST00000521067,ENST00000521067.1,ENST00000521865,ENST00000521865.5,ENST00000522387,ENST00000522387.5,ENST00000522658,ENST00000522658.5,ENST00000522720,ENST00000522720.1,ENST00000523555,ENST00000523555.5,ENST00000523636,ENST00000523636.5,ENST00000610907,ENST00000610907.1,ENST00000614758,H0YAP2,H0YAR2,H0YAS6,H0YAS7,H0YAW6,H0YB75,H0YB86,H0YBN4,H0YC10,HGNC:8554,HPA045423,HPA067156,NM_002568,NM_002568.3,NM_002568.4,NP_002559,NP_002559.2,NX_P11940,OMIM:604679,OTTHUMG00000164779,P11940,PAB1,PABP,PABP-1,PABP1,PABP1_HUMAN,PABPC1,PABPC1-201,PABPC1-202,PABPC1-203,PABPC1-204,PABPC1-205,PABPC1-206,PABPC1-207,PABPC1-208,PABPC1-209,PABPC1-210,PABPC1-211,PABPC1-212,PABPC1-213,PABPC1-214,PABPC1-215,PABPC1-216,PABPC1-217,PABPC1-218,PABPC1-219,PABPC1-220,PABPC1-221,PABPC1-222,PABPC1-223,PABPC1-224,PABPC2,PABPL1,Poly(A) binding protein cytoplasmic 1,Poly(A)-binding protein 1,Polyadenylate-binding protein,Polyadenylate-binding protein 1,Q15097,Q93004,R-HSA-1266738,R-HSA-156827,R-HSA-376176,R-HSA-392499,R-HSA-422475,R-HSA-429914,R-HSA-429947,R-HSA-450408,R-HSA-450531,R-HSA-72613,R-HSA-72649,R-HSA-72662,R-HSA-72737,R-HSA-72766,R-HSA-8953854,R-HSA-9010553,R-HSA-927802,R-HSA-975956,R-HSA-975957,U68093,U68094,U68095,U68097,U68098,U68099,U68100,U68101,U68102,U68103,U68104,UPI0000000BC4,UPI00005A28F5,UPI0001E8F43C,UPI0001E8F43D,UPI0001E8F43E,UPI0001E8F43F,UPI0001E8F440,UPI0001E8F441,UPI0001E8F442,UPI0001E8F443,UPI0001E8F445,UPI0001E8F446,UPI0001E8F447,UPI0001E8F449,UPI0001E8F44A,UPI0001E8F44B,UPI0001E8F44C,UPI0001E8F44D,UPI0003F48109,UPI0004E4CA6D,URS0000D6DC9C,URS0000D6EC16,XM_005250861,XM_005250861.2,XM_005250861.3,XP_005250918,XP_005250918.1,Y00345,Z48501,hsa:26986,poly(A) binding protein cytoplasmic 1,poly(A)-binding protein, cytoplasmic 2,uc003yjs.2"
AQR,0,5,0.9,9606.ENSP00000156471,"RNA helicase aquarius; Involved in pre-mRNA splicing as component of the spliceosome. Intron-binding spliceosomal protein required to link pre-mRNA splicing and snoRNP (small nucleolar ribonucleoprotein) biogenesis. Plays a key role in position-dependent assembly of intron-encoded box C/D small snoRNP, splicing being required for snoRNP assembly. May act by helping the folding of the snoRNA sequence. Binds to intron of pre-mRNAs in a sequence-independent manner, contacting the region between snoRNA and the branchpoint of introns (40 nucleotides upstream of the branchpoint) during the l [...]",https://smart.embl.de/smart/DDvec.cgi?smart=1485:Pfam_Aquarius_N(18|802)+Pfam_AAA_11(801|1107)+Pfam_AAA_12(1115|1308)+,"3.6.4.13,4PJ3,5MQF,5XJC,5YZG,5Z56,5Z57,6FF7,6ICZ,6ID0,6ID1,6QDV,9716,A0A024R9L1,A0JP17,A5YKK3,AAH36913.1,AAH70379.1,AAI08263.1,AAI27112.1,AAI27113.1,AB011132,ABQ66265.1,AC018868,AQR,AQR-201,AQR-202,AQR-203,AQR-204,AQR-205,AQR-206,AQR_HUMAN,Aquarius intron-binding spliceosomal factor,BAA25486.3,BC036913,BC070379,BC108262,BC127111,BC127112,CCDS42013,CCDS42013.1,CH471125,EAW92319.1,EAW92320.1,EAW92321.1,EF553519,ENSG00000021776,ENSP00000156471,ENSP00000445700,ENSP00000453278,ENST00000156471,ENST00000156471.9,ENST00000543879,ENST00000543879.6,ENST00000558202,ENST00000558202.1,ENST00000559090,ENST00000559090.5,ENST00000559767,ENST00000559767.1,ENST00000560117,ENST00000560117.1,H0YH15,H0YLN9,HGNC:29513,HPA040624,HPA055647,IBP160,Intron-binding protein aquarius,Intron-binding protein of 160 kDa,KIAA0560,NM_014691,NM_014691.2,NM_014691.3,NP_055506,NP_055506.1,NX_O60306,O60306,OMIM:610548,OTTHUMG00000172257,Q2YDX9,Q6IRU8,Q6PIC8,R-HSA-5696398,R-HSA-6781823,R-HSA-6781827,R-HSA-6782135,R-HSA-6782210,R-HSA-72163,R-HSA-72172,R-HSA-72203,R-HSA-73894,R-HSA-8953854,RNA helicase aquarius,UPI00001C1F85,UPI0000EE6B15,UPI00022F8491,URS0000D6E0B7,URS0000D6E680,aquarius homolog (mouse),aquarius intron-binding spliceosomal factor,fSAP164,functional spliceosome-associated protein 164,hsa:9716,uc001ziv.4"
HNRNPC,1,5,0.2,9606.ENSP00000451291,"Heterogeneous nuclear ribonucleoproteins C1/C2; Binds pre-mRNA and nucleates the assembly of 40S hnRNP particles. Interacts with poly-U tracts in the 3'-UTR or 5'-UTR of mRNA and modulates the stability and the level of translation of bound mRNA molecules. Single HNRNPC tetramers bind 230-240 nucleotides. Trimers of HNRNPC tetramers bind 700 nucleotides. May play a role in the early steps of spliceosome assembly and pre-mRNA splicing. N6-methyladenosine (m6A) has been shown to alter the local structure in mRNAs and long non-coding RNAs (lncRNAs) via a mechanism named 'm(6)A-switch', fa [...]",https://smart.embl.de/smart/DDvec.cgi?smart=306:RRM(17|83)+,"1TXP,1WF2,2MXY,2MZ1,3183,3LN4,AAA36576.1,AAA52680.1,AAH03394.1,AAH07052.1,AAH08364.1,AAH08423.1,AAH66932.1,AAH89438.1,AAI03759.1,AAI08659.1,AB209527,AK223517,AK299923,AK302213,AK312338,AL135744,B2R5W2,B4DSU6,B4DY08,BAD92764.1,BAD97237.1,BAG35259.1,BAG61758.1,BAG63570.1,BC003394,BC007052,BC008364,BC008423,BC066932,BC089438,BC103758,BC108658,BX161480,BX247961,BX247992,C1,C2,CAB005223,CAB075755,CAB075756,CAD61934.1,CAD62300.1,CAD62326.1,CCDS41915,CCDS41915.1,CCDS45079,CCDS45079.1,CH471078,CHEMBL2216742,D3DS19,D3DS22,EAW66392.1,EAW66393.1,EAW66394.1,EAW66395.1,EAW66396.1,EAW66399.1,EAW66400.1,ENSG00000092199,ENSP00000216296,ENSP00000317690,ENSP00000319690,ENSP00000338095,ENSP00000382917,ENSP00000391047,ENSP00000404559,ENSP00000404848,ENSP00000415799,ENSP00000442816,ENSP00000450467,ENSP00000450544,ENSP00000450548,ENSP00000450601,ENSP00000450629,ENSP00000450669,ENSP00000450725,ENSP00000450790,ENSP00000451176,ENSP00000451187,ENSP00000451291,ENSP00000451292,ENSP00000451652,ENSP00000451708,ENSP00000451892,ENSP00000452021,ENSP00000452185,ENSP00000452213,ENSP00000452214,ENSP00000452276,ENSP00000452545,ENSP00000452573,ENSP00000452599,ENST00000216296,ENST00000320051,ENST00000320084,ENST00000336053,ENST00000336053.10,ENST00000400042,ENST00000420743,ENST00000420743.6,ENST00000430246,ENST00000430246.6,ENST00000445284,ENST00000449098,ENST00000449098.5,ENST00000452166,ENST00000553300,ENST00000553300.5,ENST00000553444,ENST00000553444.1,ENST00000553614,ENST00000553614.5,ENST00000553753,ENST00000553753.5,ENST00000554383,ENST00000554383.5,ENST00000554417,ENST00000554417.1,ENST00000554455,ENST00000554455.5,ENST00000554539,ENST00000554539.5,ENST00000554891,ENST00000554891.5,ENST00000554969,ENST00000554969.5,ENST00000555127,ENST00000555127.1,ENST00000555137,ENST00000555137.5,ENST00000555176,ENST00000555176.5,ENST00000555215,ENST00000555215.5,ENST00000555309,ENST00000555309.5,ENST00000555585,ENST00000555585.5,ENST00000555883,ENST00000555883.5,ENST00000555914,ENST00000555914.5,ENST00000556142,ENST00000556142.5,ENST00000556226,ENST00000556226.5,ENST00000556513,ENST00000556513.5,ENST00000556628,ENST00000556628.5,ENST00000556897,ENST00000556897.5,ENST00000557033,ENST00000557033.1,ENST00000557157,ENST00000557157.5,ENST00000557201,ENST00000557201.5,ENST00000557336,ENST00000557336.1,ENST00000557442,ENST00000557442.5,ENST00000557768,ENST00000557768.1,G3V251,G3V2D6,G3V2H6,G3V2Q1,G3V3K6,G3V4C1,G3V4M8,G3V4W0,G3V555,G3V575,G3V576,G3V5V7,G3V5X6,HGNC:5035,HNRNP,HNRNPC,HNRNPC-201,HNRNPC-202,HNRNPC-203,HNRNPC-204,HNRNPC-205,HNRNPC-206,HNRNPC-207,HNRNPC-208,HNRNPC-209,HNRNPC-210,HNRNPC-211,HNRNPC-212,HNRNPC-213,HNRNPC-214,HNRNPC-215,HNRNPC-216,HNRNPC-217,HNRNPC-218,HNRNPC-219,HNRNPC-220,HNRNPC-221,HNRNPC-222,HNRNPC-223,HNRNPC-224,HNRNPC-225,HNRNPC-226,HNRNPC-227,HNRNPC-228,HNRNPC-229,HNRNPC-230,HNRNPC-231,HNRNPC-232,HNRNPC-233,HNRPC,HNRPC_HUMAN,HPA051075,Heterogeneous nuclear ribonucleoprotein C,Heterogeneous nuclear ribonucleoprotein C1/C2,Heterogeneous nuclear ribonucleoproteins C1/C2,M16342,M29063,NM_001077442,NM_001077442.1,NM_001077443,NM_001077443.1,NM_004500,NM_004500.3,NM_031314,NM_031314.2,NP_001070910,NP_001070910.1,NP_001070911,NP_001070911.1,NP_004491,NP_004491.2,NP_112604,NP_112604.2,NX_P07910,OMIM:164020,OTTHUMG00000170757,P07910,P22628,Q53EX2,Q59FD3,Q5FWE8,Q86SF8,Q86U45,Q96HK7,Q96HM4,Q96IY5,Q9BTS3,R-HSA-2990846,R-HSA-3108232,R-HSA-392499,R-HSA-4570464,R-HSA-597592,R-HSA-72163,R-HSA-72172,R-HSA-72203,R-HSA-8953854,SNRPC,UPI000000CBC4,UPI000000CBC5,UPI000013C6E4,UPI00001FCFDF,UPI0000369BAA,UPI000040777A,UPI00006E1C9A,UPI0000D4C9C7,UPI0000D4E3FC,UPI00017504BE,UPI00017A7CB4,UPI00021CF097,UPI00021CF098,UPI00021CF099,UPI00021CF09A,UPI00021CF09B,UPI00021CF09C,UPI00021CF09D,UPI00021CF09E,UPI00021CF09F,URS00008BAF13,URS00008BE646,URS0000D32B59,XM_006720125,XM_006720125.2,XM_006720125.3,XM_011536708,XM_011536708.1,XM_011536709,XM_011536709.2,XM_011536709.3,XM_011536710,XM_011536710.2,XM_011536711,XM_011536711.2,XM_011536712,XM_011536712.1,XM_011536712.2,XM_017021252,XM_017021252.1,XM_017021252.2,XM_017021253,XM_017021253.1,XM_017021253.2,XM_024449556,XM_024449556.1,XM_024449557,XM_024449557.1,XM_024449558,XM_024449558.1,XM_024449559,XM_024449559.1,XP_006720188,XP_006720188.1,XP_011535010,XP_011535010.1,XP_011535011,XP_011535011.1,XP_011535012,XP_011535012.1,XP_011535013,XP_011535013.1,XP_011535014,XP_011535014.1,XP_016876741,XP_016876741.1,XP_016876742,XP_016876742.1,XP_024305324,XP_024305324.1,XP_024305325,XP_024305325.1,XP_024305326,XP_024305326.1,XP_024305327,XP_024305327.1,heterogeneous nuclear ribonucleoprotein C,hnRNP C1/C2,hnRNPC,hsa:3183,uc001vzw.5,uc058zad.1"
MAGOHB,0,5,0.6,9606.ENSP00000319240,Protein mago nashi homolog 2; Required for pre-mRNA splicing as component of the spliceosome. Plays a redundant role with MAGOH in the exon junction complex and in the nonsense-mediated decay (NMD) pathway.,https://smart.embl.de/smart/DDvec.cgi?smart=148:Pfam_Mago_nashi(7|148)+,"55110,5XJC,5YZG,6ICZ,6QDV,A0A023T6R1,AAF86648.1,AAH10905.1,AC021049,AF165518,AHX83790.1,AK001154,AK022720,BAA91522.1,BAB14202.1,BC010905,CCDS76532,CCDS76532.1,CCDS8628,CCDS8628.1,CH471094,EAW96198.1,ENSG00000111196,ENSP00000228792,ENSP00000319240,ENSP00000371305,ENSP00000437462,ENSP00000437512,ENSP00000437548,ENSP00000439091,ENSP00000439698,ENSP00000442440,ENSP00000485778,ENST00000228792,ENST00000320756,ENST00000320756.6,ENST00000381881,ENST00000398874,ENST00000398874.8,ENST00000537852,ENST00000537852.5,ENST00000539554,ENST00000539554.5,ENST00000540074,ENST00000540074.5,ENST00000543929,ENST00000543929.5,ENST00000544176,ENST00000544176.1,ENST00000544850,ENST00000544850.5,ENST00000545236,ENST00000545236.5,ENST00000546173,ENST00000546173.5,ENST00000625272,ENST00000625272.1,F5H124,F5H3U9,F5H6N1,F5H6P7,FLJ10292,HGNC:25504,HPA043036,HPA047754,KF051004,MAGOH2,MAGOHB,MAGOHB-201,MAGOHB-202,MAGOHB-203,MAGOHB-204,MAGOHB-205,MAGOHB-206,MAGOHB-207,MAGOHB-208,MAGOHB-209,MAGOHB-210,MAGOHB-211,MGN2,MGN2_HUMAN,Mago homolog B, exon junction complex subunit,NM_001300739,NM_001300739.2,NM_001319985,NM_001319985.1,NM_018048,NM_018048.4,NM_018048.5,NP_001287668,NP_001287668.1,NP_001306914,NP_001306914.1,NP_060518,NP_060518.1,NR_135120,NR_135120.1,NR_135121,NR_135121.1,NX_Q96A72,OTTHUMG00000168407,Protein mago nashi,Protein mago nashi homolog 2,Q96A72,R-HSA-1266738,R-HSA-159236,R-HSA-376176,R-HSA-422475,R-HSA-72163,R-HSA-72172,R-HSA-72187,R-HSA-72202,R-HSA-72203,R-HSA-73856,R-HSA-73857,R-HSA-74160,R-HSA-8953854,R-HSA-9010553,R-HSA-927802,R-HSA-975957,UPI00000719E5,UPI00001F44D6,UPI0000406280,UPI000041BDE2,UPI000204A97A,XM_005253402,XM_005253402.2,XP_005253459,XP_005253459.1,hsa:55110,mago,mago homolog B, exon junction complex subunit,mago-nashi homolog B (Drosophila),magoh,uc001qyq.3"
PRPF19,0,5,0.9,9606.ENSP00000227524,"Pre-mRNA-processing factor 19; Ubiquitin-protein ligase which is a core component of several complexes mainly involved pre-mRNA splicing and DNA repair. Required for pre-mRNA splicing as component of the spliceosome. Core component of the PRP19C/Prp19 complex/NTC/Nineteen complex which is part of the spliceosome and participates in its assembly, its remodeling and is required for its activity. During assembly of the spliceosome, mediates 'Lys-63'-linked polyubiquitination of the U4 spliceosomal protein PRPF3. Ubiquitination of PRPF3 allows its recognition by the U5 component PRPF8 and  [...]",https://smart.embl.de/smart/DDvec.cgi?smart=504:Ubox(2|68)+WD40(206|250)+WD40(253|292)+WD40(295|334)+WD40(337|378)+WD40(381|420)+WD40(423|463)+WD40(464|503)+,"2.3.2.27,27339,4LG8,5MQF,5XJC,5YZG,5Z56,5Z57,6FF7,6ICZ,6ID0,6ID1,6QDV,AAH08719.1,AAH18665.1,AAH18698.1,AJ131186,AP000777,AP003721,BC008719,BC018665,BC018698,CAB012448,CAB51857.1,CCDS7995,CCDS7995.1,EC 2.3.2.27,ENSG00000110107,ENSP00000227524,ENSP00000440266,ENSP00000443031,ENSP00000445435,ENSP00000446259,ENST00000227524,ENST00000227524.8,ENST00000535326,ENST00000535326.1,ENST00000539180,ENST00000539180.1,ENST00000539960,ENST00000539960.1,ENST00000540473,ENST00000540473.5,ENST00000541371,ENST00000541371.5,ENST00000546152,ENST00000546152.1,F5GY56,F5H2I0,H0YGF3,H0YGZ5,HGNC:17896,HPA038051,HPA059070,NMP200,NM_014502,NM_014502.4,NM_014502.5,NP_055317,NP_055317.1,NX_Q9UMS4,Nuclear matrix protein 200,OMIM:608330,OTTHUMG00000167798,PRP19,PRP19/PSO4 homolog,PRP19/PSO4 homolog (S. cerevisiae),PRP19_HUMAN,PRPF19,PRPF19-201,PRPF19-202,PRPF19-203,PRPF19-204,PRPF19-205,PRPF19-206,PRPF19-207,PSO4,Pre-mRNA processing factor 19,Pre-mRNA-processing factor 19,Q9UMS4,R-HSA-5696398,R-HSA-6781823,R-HSA-6781827,R-HSA-6782135,R-HSA-6782210,R-HSA-72163,R-HSA-72172,R-HSA-72203,R-HSA-73894,R-HSA-8953854,RING-type E3 ubiquitin transferase PRP19,SNEV,Senescence evasion factor,UBOX4,UPI000003F659,UPI000204AD72,UPI000204AD73,UPI000204AD74,UPI000204AD75,URS00009B66B5,URS0000EBF4D3,hPSO4,hPso4,hsa:27339,pre-mRNA processing factor 19,psoralen 4,uc001nqf.4"
RBM22,0,5,0.9,9606.ENSP00000199814,Pre-mRNA-splicing factor RBM22; Required for pre-mRNA splicing as component of the activated spliceosome. Involved in the first step of pre-mRNA splicing. Binds directly to the internal stem- loop (ISL) domain of the U6 snRNA and to the pre-mRNA intron near the 5' splice site during the activation and catalytic phases of the spliceosome cycle. Involved in both translocations of the nuclear SLU7 to the cytoplasm and the cytosolic calcium-binding protein PDCD6 to the nucleus upon cellular stress responses. Belongs to the SLT11 family.,https://smart.embl.de/smart/DDvec.cgi?smart=420:ZnF_C3H1(159|185)+RRM(233|301)+,"199G4,2YTC,55696,5MQF,5XJC,5YZG,5Z56,5Z57,6FF4,6FF7,6ICZ,6ID0,6ID1,6QDV,A6NDM5,AAC99998.1,AAH03402.1,AC008453,AK001152,AK297019,AL136933,B4DLI9,BAA91521.1,BAG59551.1,BC003402,CAB66867.1,CCDS34278,CCDS34278.1,CH471062,Cwc2,E5RHA8,E5RJW4,EAW61711.1,ENSG00000086589,ENSP00000199814,ENSP00000374275,ENSP00000374276,ENSP00000412118,ENSP00000428154,ENSP00000430946,ENSP00000441594,ENST00000199814,ENST00000199814.8,ENST00000389624,ENST00000389625,ENST00000447771,ENST00000447771.6,ENST00000518917,ENST00000518917.5,ENST00000520132,ENST00000520132.1,ENST00000521248,ENST00000521248.5,ENST00000521464,ENST00000521464.1,ENST00000521594,ENST00000521594.1,ENST00000522469,ENST00000522469.5,ENST00000540000,FLJ10290,HGNC:25503,HPA001634,NM_018047,NM_018047.2,NM_018047.3,NP_060517,NP_060517.1,NX_Q9NW64,O95607,OMIM:612430,OTTHUMG00000163589,Pre-mRNA-splicing factor RBM22,Pre-mRNA-splicing factor RBM22/SLT11,Q9NW64,R-HSA-72163,R-HSA-72172,R-HSA-72203,R-HSA-8953854,RBM22,RBM22-201,RBM22-202,RBM22-203,RBM22-204,RBM22-205,RBM22-206,RBM22-207,RBM22-208,RBM22_HUMAN,RNA binding motif protein 22,RNA-binding motif protein 22,U39402,UPI00000223D3,UPI00017A7575,UPI0001E8F2B2,UPI0001E8F2B3,ZC3H16,Zinc finger CCCH domain-containing protein 16,fSAP47,functional spliceosome-associated protein 47,hsa:55696,uc003lst.4"
SRSF1,5,5,0.2,9606.ENSP00000258962,"Serine/arginine-rich splicing factor 1; Plays a role in preventing exon skipping, ensuring the accuracy of splicing and regulating alternative splicing. Interacts with other spliceosomal components, via the RS domains, to form a bridge between the 5'- and 3'-splice site binding components, U1 snRNP and U2AF. Can stimulate binding of U1 snRNP to a 5'-splice site- containing pre-mRNA. Binds to purine-rich RNA sequences, either the octamer, 5'-RGAAGAAC-3' (r=A or G) or the decamers, AGGACAGAGC/AGGACGAAGC. Binds preferentially to the 5'-CGAGGCG-3' motif in vitro. Three copies of the octame [...]",https://smart.embl.de/smart/DDvec.cgi?smart=248:RRM(17|87)+RRM(122|188)+,"1X4A,2M7S,2M8D,2O3D,3BEG,4C0O,6426,AAA03476.1,AAA35564.1,AAA35565.1,AAH10264.1,AAH33785.1,AB062124,AC015813,AK312781,ASF,ASF-1,Alternative-splicing factor 1,B2R6Z7,BAB93456.1,BAG35644.1,BC010264,BC033785,CAB013073,CCDS11600,CCDS11600.1,CCDS58580,CCDS58580.1,CH471109,D3DTZ3,EAW94485.1,EAW94486.1,EAW94491.1,EAW94492.1,ENSG00000136450,ENSP00000258962,ENSP00000365457,ENSP00000401336,ENSP00000462215,ENSP00000462616,ENSP00000462687,ENSP00000463042,ENSP00000463223,ENSP00000463917,ENST00000258962,ENST00000258962.4,ENST00000376280,ENST00000423765,ENST00000578430,ENST00000578430.1,ENST00000581497,ENST00000581497.1,ENST00000581979,ENST00000581979.5,ENST00000582730,ENST00000582730.6,ENST00000583741,ENST00000583741.1,ENST00000584668,ENST00000584668.5,ENST00000584773,ENST00000584773.5,ENST00000585096,ENST00000585096.1,HGNC:10780,HPA061301,J3KSR8,J3KSW7,J3KTL2,J3QQV5,M69040,M72709,MGC5228,NM_001078166,NM_001078166.1,NM_001078166.2,NM_006924,NM_006924.4,NM_006924.5,NP_001071634,NP_001071634.1,NP_008855,NP_008855.1,NR_034041,NR_034041.1,NX_Q07955,OK/SW-cl.3,OMIM:600812,OTTHUMG00000178781,Q07955,Q13809,R-HSA-159236,R-HSA-72163,R-HSA-72165,R-HSA-72172,R-HSA-72187,R-HSA-72202,R-HSA-72203,R-HSA-73856,R-HSA-73857,R-HSA-74160,R-HSA-8953854,SF2,SF2P33,SF2p33,SFRS1,SR splicing factor 1,SRSF1,SRSF1-201,SRSF1-202,SRSF1-203,SRSF1-204,SRSF1-205,SRSF1-206,SRSF1-207,SRSF1-208,SRSF1-209,SRSF1_HUMAN,SRp30a,Serine and arginine rich splicing factor 1,Serine/arginine-rich splicing factor 1,Splicing factor, arginine/serine-rich 1,UPI0000001220,UPI000017A383,UPI00002010B3,UPI00002010B7,UPI000268B1EF,UPI000268B1F0,URS00008BDC54,XR_429911,XR_429911.3,alternate splicing factor,hsa:6426,pre-mRNA-splicing factor SF2, P33 subunit,serine and arginine rich splicing factor 1,serine/arginine-rich splicing factor 1,splicing factor 2,splicing factor, arginine/serine-rich 1,uc002ivi.4"
AGO2,1,4,0.3333333333333333,9606.ENSP00000220592,Protein argonaute-2; Required for RNA-mediated gene silencing (RNAi) by the RNA- induced silencing complex (RISC). The 'minimal RISC' appears to include AGO2 bound to a short guide RNA such as a microRNA (miRNA) or short interfering RNA (siRNA). These guide RNAs direct RISC to complementary mRNAs that are targets for RISC-mediated gene silencing. The precise mechanism of gene silencing depends on the degree of complementarity between the miRNA or siRNA and its target. Binding of RISC to a perfectly complementary mRNA generally results in silencing due to endonucleolytic cleavage of the [...],https://smart.embl.de/smart/DDvec.cgi?smart=859:Pfam_ArgoN(36|166)+DUF1785(175|227)+PAZ(235|370)+Pfam_ArgoL2(374|420)+Pfam_ArgoMid(429|511)+Piwi(517|818)+,"27161,3.1.26.n2,3LUC,3LUD,3LUG,3LUH,3LUJ,3LUK,3QX8,3QX9,4F3T,4OLA,4OLB,4W5N,4W5O,4W5Q,4W5R,4W5T,4Z4C,4Z4D,4Z4E,4Z4F,4Z4G,4Z4H,4Z4I,5JS1,5JS2,5KI6,5T7B,5WEA,6CBD,6MDZ,6MFN,6MFR,6N4O,6NIT,6RA4,AAF13034.2,AAH07633.1,AAH18727.2,AAL76093.1,AAP35893.1,AC067931,AC107375,AF121255,AGO2,AGO2-201,AGO2-202,AGO2-203,AGO2-204,AGO2-205,AGO2-206,AGO2-207,AGO2-208,AGO2-209,AGO2-210,AGO2_HUMAN,AY077717,Argonaute RISC catalytic component 2,Argonaute2,BC007633,BC018727,BC125214,BT007229,CAB019309,CASC7,CCDS55279,CCDS55279.1,CCDS6380,CCDS6380.1,E5RGG9,E5RJY2,EC 3.1.26.n2,EIF2C2,ENSG00000123908,ENSP00000220592,ENSP00000367027,ENSP00000430164,ENSP00000430176,ENSP00000431056,ENST00000220592,ENST00000220592.9,ENST00000377796,ENST00000517293,ENST00000517293.5,ENST00000518019,ENST00000518019.1,ENST00000519347,ENST00000519347.1,ENST00000519980,ENST00000519980.5,ENST00000520412,ENST00000520412.1,ENST00000520628,ENST00000520628.1,ENST00000521325,ENST00000521325.1,ENST00000523609,ENST00000523609.5,ENST00000524328,ENST00000524328.1,Eukaryotic translation initiation factor 2C,Eukaryotic translation initiation factor 2C 2,HGNC:3263,HPA058075,LINC00980,NM_001164623,NM_001164623.2,NM_001164623.3,NM_012154,NM_012154.4,NM_012154.5,NP_001158095,NP_001158095.1,NP_036286,NP_036286.2,NX_Q9UKV8,OMIM:606229,OTTHUMG00000164232,PAZ Piwi domain protein,PPD,Protein argonaute-2,Protein slicer,Q10,Q8TCZ5,Q8WV58,Q96ID1,Q9UKV8,R-HSA-1257604,R-HSA-157118,R-HSA-162582,R-HSA-1912408,R-HSA-1912422,R-HSA-195721,R-HSA-203927,R-HSA-211000,R-HSA-212436,R-HSA-3700989,R-HSA-3858494,R-HSA-4086398,R-HSA-426486,R-HSA-426496,R-HSA-5578749,R-HSA-5628897,R-HSA-5683057,R-HSA-5687128,R-HSA-6807070,R-HSA-73857,R-HSA-74160,R-HSA-8878171,R-HSA-8934593,R-HSA-8939211,R-HSA-8943723,R-HSA-8948700,R-HSA-8986944,R-HSA-9006925,R-HSA-9006931,R-HSA-9018519,R-HSA-9022692,R-HSA-9024446,R-HSA-9029569,UPI0000168652,UPI0001639CB1,UPI0001E8F562,UPI0001E8F563,URS00008B9B69,URS0000D403FA,URS0000D6DCCF,URS0000D6EA73,URS0000EA047F,XM_011516965,XM_011516965.2,XM_011516966,XM_011516966.3,XM_011516968,XM_011516968.2,XM_017013317,XM_017013317.2,XP_011515267,XP_011515267.1,XP_011515268,XP_011515268.1,XP_011515270,XP_011515270.2,XP_016868806,XP_016868806.1,argonaute 2,argonaute RISC catalytic component 2,eIF-2C 2,eIF2C 2,eukaryotic translation initiation factor 2C, 2,hAGO2,hAgo2,hsa:27161,uc003yvm.5"
CWF19L2,0,4,1,9606.ENSP00000282251,CWF19-like protein 2; CWF19 like cell cycle control factor 2; Belongs to the CWF19 family.,https://smart.embl.de/smart/DDvec.cgi?smart=894:Pfam_CwfJ_C_1(662|786)+Pfam_CwfJ_C_2(795|889)+,"143884,6ID0,6ID1,A4FU66,A4FU67,A4FU68,A8KAD6,AAH56241.1,AAI10440.1,AAI10441.1,AAI10442.1,AAI10443.2,AAI18670.1,AK056905,AK293001,AP000766,AP001823,BAB71307.1,BAF85690.1,BC056241,BC110439,BC110440,BC110441,BC110442,BC118669,C19L2_HUMAN,CCDS8336,CCDS8336.2,CWF19 like 2, cell cycle control (S. pombe),CWF19 like cell cycle control factor 2,CWF19-like protein 2,CWF19L2,CWF19L2-201,CWF19L2-202,CWF19L2-203,CWF19L2-204,ENSG00000152404,ENSP00000282251,ENSP00000323638,ENSP00000339545,ENSP00000386247,ENSP00000387533,ENSP00000411736,ENSP00000434704,ENST00000282251,ENST00000282251.9,ENST00000322785,ENST00000348052,ENST00000409771,ENST00000431778,ENST00000431778.5,ENST00000433523,ENST00000462890,ENST00000462890.1,ENST00000532251,ENST00000532251.1,FLJ32343,H0YE03,H7C3G7,HGNC:26508,HPA038166,NM_152434,NM_152434.2,NP_689647,NP_689647.2,NX_Q2TBE0,OTTHUMG00000152975,Q2TBE0,Q6PHW1,Q96MI1,UPI00005A81B4,UPI0001881AFE,UPI0001F7880F,URS0000D6E102,XM_017017239,XM_017017239.2,XP_016872728,XP_016872728.1,XR_947795,XR_947795.2,hsa:143884,uc010rvp.3"
EIF4A2,1,3,0.3333333333333333,9606.ENSP00000326381,"Eukaryotic initiation factor 4A-II; ATP-dependent RNA helicase which is a subunit of the eIF4F complex involved in cap recognition and is required for mRNA binding to ribosome. In the current model of translation initiation, eIF4A unwinds RNA secondary structures in the 5'-UTR of mRNAs which is necessary to allow efficient binding of the small ribosomal subunit, and subsequent scanning for the initiator codon; Belongs to the DEAD box helicase family. eIF4A subfamily.",https://smart.embl.de/smart/DDvec.cgi?smart=407:DEXDc(52|250)+HELICc(287|368)+,"1974,3.6.1.1,3.6.4.13,3BOR,AAH12547.1,AAH13708.1,AAH15842.1,AAH48105.1,AAP88862.1,AC112907,ATP-dependent RNA helicase eIF4A-2,BAA06336.1,BC012547,BC013708,BC015842,BC048105,BM-010,BT009860,C9JUF0,CAB011690,CCDS3282,CCDS3282.1,CH471052,CHEMBL4105952,D30655,D3DNU9,DDX2B,E7EMV8,E7EQG2,E9PBH4,EAW78172.1,EAW78177.1,EC 3.6.1.1,EIF4A,EIF4A2,EIF4A2-201,EIF4A2-202,EIF4A2-203,EIF4A2-204,EIF4A2-205,EIF4A2-206,EIF4A2-207,EIF4A2-208,EIF4A2-209,EIF4A2-210,EIF4A2-211,EIF4A2-212,EIF4A2-213,EIF4A2-214,EIF4A2-215,EIF4A2-216,EIF4A2-217,EIF4A2-218,EIF4A2-219,EIF4A2-220,EIF4A2-221,EIF4A2-222,EIF4A2-223,EIF4A2-224,EIF4A2-225,EIF4A2-226,EIF4A2-227,EIF4F,ENSG00000156976,ENSP00000287604,ENSP00000287605,ENSP00000326381,ENSP00000348925,ENSP00000379780,ENSP00000388237,ENSP00000392686,ENSP00000398370,ENSP00000402313,ENSP00000407504,ENSP00000413529,ENSP00000415878,ENSP00000462571,ENST00000287604,ENST00000287605,ENST00000323963,ENST00000356531,ENST00000396527,ENST00000425053,ENST00000425053.5,ENST00000426808,ENST00000426808.5,ENST00000429589,ENST00000429589.5,ENST00000440191,ENST00000440191.6,ENST00000441007,ENST00000441007.5,ENST00000443963,ENST00000443963.5,ENST00000445596,ENST00000445596.5,ENST00000461021,ENST00000461021.1,ENST00000465032,ENST00000465032.5,ENST00000465222,ENST00000465222.1,ENST00000465267,ENST00000465267.5,ENST00000465792,ENST00000465792.1,ENST00000466362,ENST00000466362.1,ENST00000467585,ENST00000467585.1,ENST00000468362,ENST00000468362.5,ENST00000475409,ENST00000475409.1,ENST00000475653,ENST00000475653.5,ENST00000485101,ENST00000485101.5,ENST00000486805,ENST00000486805.5,ENST00000491473,ENST00000491473.5,ENST00000492144,ENST00000492144.5,ENST00000494445,ENST00000494445.1,ENST00000495049,ENST00000495049.5,ENST00000496382,ENST00000496382.1,ENST00000497177,ENST00000497177.1,ENST00000498746,ENST00000498746.1,ENST00000629190,Eukaryotic initiation factor 4A-II,Eukaryotic translation initiation factor 4A2,F8WE11,HGNC:3284,HPA068286,IF4A2_HUMAN,J3KSN7,NM_001967,NM_001967.3,NM_001967.4,NP_001958,NP_001958.2,NX_Q14240,OMIM:601102,OTTHUMG00000156564,Q14240,Q53XJ6,Q96B90,Q96EA8,R-HSA-1169408,R-HSA-1169410,R-HSA-1280215,R-HSA-156827,R-HSA-168256,R-HSA-392499,R-HSA-429914,R-HSA-429947,R-HSA-72613,R-HSA-72649,R-HSA-72662,R-HSA-72702,R-HSA-72706,R-HSA-72737,R-HSA-72766,R-HSA-8953854,R-HSA-913531,Translation initiation factor 4A,UPI0000000DD2,UPI0000062309,UPI00000EAB0B,UPI0000D4D4A5,UPI000198CC25,UPI000198CC26,UPI000198CC27,UPI000268B48C,URS00009BF6F0,URS0000CFD708,URS0000EC0956,eIF-4A-II,eIF4A-II,eukaryotic translation initiation factor 4A2,hsa:1974,uc003fqs.4"
EIF4E,0,3,0.6666666666666666,9606.ENSP00000425561,Eukaryotic translation initiation factor 4E; Recognizes and binds the 7-methylguanosine-containing mRNA cap during an early step in the initiation of protein synthesis and facilitates ribosome binding by inducing the unwinding of the mRNAs secondary structures. Component of the CYFIP1-EIF4E-FMR1 complex which binds to the mRNA cap and mediates translational repression. In the CYFIP1-EIF4E-FMR1 complex this subunit mediates the binding to the mRNA cap.,https://smart.embl.de/smart/DDvec.cgi?smart=248:Pfam_IF4E(38|228)+,"1977,1IPB,1IPC,1WKW,2GPQ,2V8W,2V8X,2V8Y,2W97,3AM7,3TF2,3U7X,4AZA,4BEA,4DT6,4DUM,4TPW,4TQB,4TQC,4UED,5EHC,5EI3,5EIR,5EKV,5GW6,5T46,5ZJY,5ZJZ,5ZK5,5ZK7,5ZK9,5ZML,AAC13647.1,AAH12611.1,AAH35166.1,AAH43226.1,AC019131,AC093836,AHW56470.1,AK300982,B7Z6V1,BAH13387.1,BC012611,BC035166,BC043226,BM849222,CAB004077,CAB016316,CCDS34031,CCDS34031.1,CCDS47109,CCDS47109.1,CCDS54779,CCDS54779.1,CCDS82940,CCDS82940.1,CHEMBL4848,D6RBW1,D6RCQ6,D6RFJ3,EIF4E,EIF4E-201,EIF4E-202,EIF4E-203,EIF4E-204,EIF4E-205,EIF4E-206,EIF4E-207,EIF4E-208,EIF4E-209,EIF4E-210,EIF4E-211,EIF4E1,EIF4EL1,EIF4F,ENSG00000151247,ENSP00000280892,ENSP00000378376,ENSP00000389624,ENSP00000421287,ENSP00000423977,ENSP00000425561,ENSP00000426602,ENST00000280892,ENST00000280892.10,ENST00000394918,ENST00000418385,ENST00000418385.2,ENST00000450253,ENST00000450253.6,ENST00000504432,ENST00000504432.5,ENST00000504472,ENST00000504472.1,ENST00000505194,ENST00000505194.5,ENST00000505829,ENST00000505829.1,ENST00000505992,ENST00000505992.1,ENST00000507665,ENST00000507665.5,ENST00000511644,ENST00000511644.5,ENST00000515638,ENST00000515638.5,Eukaryotic translation initiation factor 4E,H0Y8J7,HGNC:3287,HPA051311,IF4E_HUMAN,KJ534830,M15353,NM_001130678,NM_001130678.2,NM_001130678.3,NM_001130679,NM_001130679.2,NM_001331017,NM_001331017.1,NM_001968,NM_001968.4,NP_001124150,NP_001124150.1,NP_001124151,NP_001124151.1,NP_001317946,NP_001317946.1,NP_001959,NP_001959.1,NX_P06730,OMIM:133440,OTTHUMG00000161090,P06730,Q96E95,R-HSA-1169408,R-HSA-1169410,R-HSA-1280215,R-HSA-156827,R-HSA-159227,R-HSA-159230,R-HSA-159231,R-HSA-159234,R-HSA-162582,R-HSA-165159,R-HSA-166208,R-HSA-168256,R-HSA-392499,R-HSA-429914,R-HSA-429947,R-HSA-72202,R-HSA-72203,R-HSA-72613,R-HSA-72649,R-HSA-72662,R-HSA-72702,R-HSA-72706,R-HSA-72737,R-HSA-72766,R-HSA-8953854,R-HSA-913531,UPI0000111E2E,UPI0000E09097,UPI00017BAF08,UPI00017BAF0A,UPI0001D3B616,UPI0001D3B617,URS0000CD602B,URS0000D6D975,URS0000D6DE50,URS0000D6E7E2,X5D7E3,eIF-4E,eIF-4F 25 kDa subunit,eIF4E,eukaryotic translation initiation factor 4E,mRNA cap-binding protein,uc003hue.3"
UPF1,0,3,0.3333333333333333,9606.ENSP00000470142,"Regulator of nonsense transcripts 1; RNA-dependent helicase and ATPase required for nonsense- mediated decay (NMD) of mRNAs containing premature stop codons. Is recruited to mRNAs upon translation termination and undergoes a cycle of phosphorylation and dephosphorylation; its phosphorylation appears to be a key step in NMD. Recruited by release factors to stalled ribosomes together with the SMG1C protein kinase complex to form the transient SURF (SMG1-UPF1-eRF1-eRF3) complex. In EJC-dependent NMD, the SURF complex associates with the exon junction complex (EJC) (located 50-55 or more n [...]",https://smart.embl.de/smart/DDvec.cgi?smart=1129:Pfam_UPF1_Zn_bind(121|272)+Pfam_AAA_11(481|604)+Pfam_AAA_12(691|888)+,"2GJK,2GK6,2GK7,2IYK,2WJV,2WJY,2XZO,2XZP,3.6.4.-,5976,6EJ5,A0A024R7L5,A0A024R7L8,AAB94785.1,AAC26788.1,AAC50771.1,AAC51140.1,AAH39817.1,AC003972,AF074016,ATP-dependent helicase RENT1,AZI15648.1,BAA19664.2,BC039817,CCDS12386,CCDS12386.1,CCDS74315,CCDS74315.1,CH471106,D86988,EAW84738.1,EAW84739.1,EAW84740.1,EAW84741.1,EAW84742.1,EC 3.6.4.-,ENSG00000005007,ENSP00000262803,ENSP00000376170,ENSP00000389341,ENSP00000406512,ENSP00000470142,ENST00000262803,ENST00000262803.9,ENST00000392361,ENST00000418384,ENST00000447615,ENST00000594243,ENST00000594243.1,ENST00000594504,ENST00000594504.5,ENST00000596842,ENST00000596842.5,ENST00000598209,ENST00000598209.5,ENST00000598471,ENST00000598471.1,ENST00000599848,ENST00000599848.5,ENST00000600012,ENST00000600012.5,ENST00000600310,ENST00000600310.5,ENST00000600689,ENST00000600689.1,ENST00000600868,ENST00000600868.5,ENST00000601689,ENST00000601689.1,ENST00000601981,ENST00000601981.5,HGNC:9962,HPA019587,HPA020857,HUPF1,KIAA0221,MH183201,NM_001297549,NM_001297549.1,NM_001297549.2,NM_002911,NM_002911.3,NM_002911.4,NORF1,NP_001284478,NP_001284478.1,NP_002902,NP_002902.2,NX_Q92900,Nonsense mRNA reducing factor 1,O00239,O43343,OMIM:601430,OTTHUMG00000183025,Q86Z25,Q92842,Q92900,R-HSA-8953854,R-HSA-927802,R-HSA-975956,R-HSA-975957,RENT1,RENT1_HUMAN,Regulator of nonsense transcripts 1,U59323,U65533,UP Frameshift 1,UPF1,UPF1 RNA helicase and ATPase,UPF1, RNA helicase and ATPase,UPF1-201,UPF1-202,UPF1-203,UPF1-204,UPF1-205,UPF1-206,UPF1-207,UPF1-208,UPF1-209,UPF1-210,UPF1-211,UPF1-212,UPF1-213,UPI0000001C89,UPI00001344ED,URS0000E970E9,URS0000EAADAC,URS0000EB0AE7,URS0000EC03FF,Up-frameshift suppressor 1 homolog,XM_017027105,XM_017027105.2,XM_017027106,XM_017027106.2,XP_016882594,XP_016882594.1,XP_016882595,XP_016882595.1,hUpf1,hsa:5976,pNORF1,regulator of nonsense transcripts 1,smg-2,uc002nkf.4"
HNRNPF,0,2,1,9606.ENSP00000400433,"Heterogeneous nuclear ribonucleoprotein F, N-terminally processed; Component of the heterogeneous nuclear ribonucleoprotein (hnRNP) complexes which provide the substrate for the processing events that pre-mRNAs undergo before becoming functional, translatable mRNAs in the cytoplasm. Plays a role in the regulation of alternative splicing events. Binds G-rich sequences in pre-mRNAs and keeps target RNA in an unfolded state.",https://smart.embl.de/smart/DDvec.cgi?smart=415:RRM(12|86)+RRM(112|184)+RRM(290|360)+,"2HGL,2HGM,2HGN,2KFY,2KG0,2KG1,3185,3TFY,A0A024R7T3,A0A1B0GW42,AAC37584.1,AAH01432.1,AAH04254.1,AAH15580.1,AAH16736.1,AAI06009.1,AK001364,AL450326,AL512654,B3KM84,BAG50896.1,BC001432,BC004254,BC015580,BC016736,BC106008,CCDS7204,CCDS7204.1,CH471160,EAW86595.1,EAW86596.1,EAW86597.1,EAW86598.1,EAW86599.1,ENSG00000169813,ENSP00000304097,ENSP00000312151,ENSP00000338477,ENSP00000348345,ENSP00000349573,ENSP00000363572,ENSP00000400433,ENSP00000407648,ENSP00000413867,ENSP00000438061,ENSP00000444124,ENSP00000490768,ENST00000307166,ENST00000308044,ENST00000327998,ENST00000337970,ENST00000337970.7,ENST00000356053,ENST00000356053.7,ENST00000357065,ENST00000357065.8,ENST00000415339,ENST00000437529,ENST00000443950,ENST00000443950.6,ENST00000477108,ENST00000477108.5,ENST00000498176,ENST00000498176.1,ENST00000540544,ENST00000544000,ENST00000544000.5,HGNC:5039,HNRNPF,HNRNPF-201,HNRNPF-202,HNRNPF-203,HNRNPF-204,HNRNPF-205,HNRNPF-206,HNRNPF-207,HNRPF,HNRPF_HUMAN,HPA016884,HPA069667,Heterogeneous nuclear ribonucleoprotein F,Heterogeneous nuclear ribonucleoprotein F/H,L28010,NM_001098204,NM_001098204.1,NM_001098205,NM_001098205.1,NM_001098206,NM_001098206.1,NM_001098207,NM_001098207.1,NM_001098208,NM_001098208.1,NM_004966,NM_004966.3,NP_001091674,NP_001091674.1,NP_001091675,NP_001091675.1,NP_001091676,NP_001091676.1,NP_001091677,NP_001091677.1,NP_001091678,NP_001091678.1,NP_004957,NP_004957.1,NX_P52597,Nucleolin-like protein mcs94-1,OK/SW-cl.23,OMIM:601037,OTTHUMG00000018029,P52597,Q5T0N2,Q96AU2,R-HSA-1280215,R-HSA-162582,R-HSA-168256,R-HSA-190236,R-HSA-447115,R-HSA-449147,R-HSA-5654738,R-HSA-6803529,R-HSA-72163,R-HSA-72172,R-HSA-72203,R-HSA-8950505,R-HSA-8953854,R-HSA-9006934,R-HSA-9020591,UPI0000000C5C,UPI0007E52BEC,heterogeneous nuclear ribonucleoprotein F,hnRNP F,hsa:3185,mcs94-1,uc001jar.2,uc001jat.3"
CPSF1,2,2,0,9606.ENSP00000484669,"Cleavage and polyadenylation specificity factor subunit 1; Component of the cleavage and polyadenylation specificity factor (CPSF) complex that plays a key role in pre-mRNA 3'-end formation, recognizing the AAUAAA signal sequence and interacting with poly(A) polymerase and other factors to bring about cleavage and poly(A) addition. This subunit is involved in the RNA recognition step of the polyadenylation reaction.",https://smart.embl.de/smart/DDvec.cgi?smart=1443:Pfam_MMS1_N(92|687)+Pfam_CPSF_A(1073|1409)+,"29894,6BLY,6BM0,6DNH,6F9N,6FBS,6FUW,6URG,6URO,A0A087WTV4,A0A087X101,AAC50293.1,AAH17232.1,AC233992,BC017232,CCDS34966,CCDS34966.1,CPSF 160 kDa subunit,CPSF1,CPSF1-201,CPSF1-202,CPSF1-203,CPSF1-204,CPSF1-205,CPSF1-206,CPSF1-207,CPSF1-208,CPSF1-209,CPSF1-210,CPSF1-211,CPSF1-212,CPSF1-213,CPSF1-214,CPSF160,CPSF1_HUMAN,Cleavage and polyadenylation specific factor 1,E9PIM1,ENSG00000071894,ENSP00000262583,ENSP00000339353,ENSP00000433391,ENSP00000435761,ENSP00000439491,ENSP00000478145,ENSP00000478161,ENSP00000483775,ENSP00000484669,ENST00000262583,ENST00000349769,ENST00000352148,ENST00000401314,ENST00000524684,ENST00000526271,ENST00000526271.2,ENST00000527827,ENST00000527827.1,ENST00000527916,ENST00000527916.1,ENST00000529288,ENST00000529288.1,ENST00000531042,ENST00000531042.5,ENST00000531480,ENST00000531480.2,ENST00000531727,ENST00000531727.5,ENST00000532560,ENST00000532560.5,ENST00000532725,ENST00000532725.1,ENST00000532935,ENST00000532935.5,ENST00000533492,ENST00000533492.1,ENST00000537777,ENST00000579254,ENST00000616140,ENST00000616140.1,ENST00000618543,ENST00000620219,ENST00000620219.4,ENST00000622776,ENST00000622776.1,HGNC:2324,HPA065167,HPA068906,HSU37012,MYP27,NM_013291,NM_013291.2,NM_013291.3,NP_037423,NP_037423.2,NX_Q10570,OMIM:606027,OTTHUMG00000174612,P/cl.18,Q10570,Q96AF0,R-HSA-159231,R-HSA-159234,R-HSA-6784531,R-HSA-72163,R-HSA-72172,R-HSA-72187,R-HSA-72202,R-HSA-72203,R-HSA-72306,R-HSA-73856,R-HSA-73857,R-HSA-74160,R-HSA-75067,R-HSA-77595,R-HSA-8953854,U37012,UPI00001282EE,UPI000021010C,UPI0001F78332,UPI0002466C43,URS0000D6D6BB,URS0000D6DBBF,URS0000D6DDB6,URS0000D6E7DC,URS0000D6EA0B,XM_006716548,XM_006716548.2,XM_024447139,XM_024447139.1,XM_024447140,XM_024447140.1,XM_024447141,XM_024447141.1,XM_024447142,XM_024447142.1,XP_006716611,XP_006716611.1,XP_024302907,XP_024302907.1,XP_024302908,XP_024302908.1,XP_024302909,XP_024302909.1,XP_024302910,XP_024302910.1,cleavage and polyadenylation specific factor 1,hsa:29894,uc003zcj.3"
CPSF6,3,2,0,9606.ENSP00000266679,"Cleavage and polyadenylation specificity factor subunit 6; Component of the cleavage factor Im (CFIm) complex that functions as an activator of the pre-mRNA 3'-end cleavage and polyadenylation processing required for the maturation of pre-mRNA into functional mRNAs. CFIm contributes to the recruitment of multiprotein complexes on specific sequences on the pre-mRNA 3'-end, so called cleavage and polyadenylation signals (pA signals). Most pre-mRNAs contain multiple pA signals, resulting in alternative cleavage and polyadenylation (APA) producing mRNAs with variable 3'-end formation. The  [...]",https://smart.embl.de/smart/DDvec.cgi?smart=588:RRM(82|157)+,"11052,3P5T,3P6Y,3Q2S,3Q2T,4B4N,4U0A,4U0B,4WYM,6AY9,6GX9,A0A3B3ISW1,A8K7K9,AAH00714.1,AAH05000.1,AC020656,AK223568,AK292024,BAD97288.1,BAF84713.1,BC000714,BC005000,CAA47751.1,CAA47752.1,CCDS73494,CCDS73494.1,CCDS8988,CCDS8988.1,CFIM,CFIM68,CFIM72,CFIm68,CH471054,CPSF 68 kDa subunit,CPSF6,CPSF6-201,CPSF6-202,CPSF6-203,CPSF6-204,CPSF6-205,CPSF6-206,CPSF6-207,CPSF6-208,CPSF6_HUMAN,Cleavage and polyadenylation specific factor 6,Cleavage factor Im complex 68 kDa subunit,EAW97215.1,ENSG00000111605,ENSP00000229204,ENSP00000266679,ENSP00000315952,ENSP00000391437,ENSP00000391774,ENSP00000446670,ENSP00000450206,ENSP00000497420,ENST00000229204,ENST00000266679,ENST00000266679.8,ENST00000312759,ENST00000351671,ENST00000435070,ENST00000435070.6,ENST00000456847,ENST00000456847.7,ENST00000547486,ENST00000547486.1,ENST00000550075,ENST00000550075.5,ENST00000550987,ENST00000550987.5,ENST00000551516,ENST00000551516.1,ENST00000650046,ENST00000650046.1,F8VNP8,F8W084,F8WJN3,HGNC:13871,HPA039973,HPBRII-4,HPBRII-7,NM_001300947,NM_001300947.1,NM_001300947.2,NM_007007,NM_007007.2,NM_007007.3,NP_001287876,NP_001287876.1,NP_008938,NP_008938.2,NX_Q16630,OMIM:604979,OTTHUMG00000169340,Pre-mRNA cleavage factor Im 68 kDa subunit,Protein HPBRII-4/7,Q16630,Q53ES1,Q9BSJ7,Q9BW18,R-HSA-1226099,R-HSA-1643685,R-HSA-1839117,R-HSA-1839124,R-HSA-5655302,R-HSA-5663202,UPI000006E7A1,UPI00001FC746,UPI0000E59806,UPI00020CE20F,UPI00020CE210,UPI000E6F18F9,URS00008C209A,X67336,X67337,XM_005268588,XM_005268588.3,XM_005268590,XM_005268590.3,XP_005268645,XP_005268645.1,XP_005268647,XP_005268647.1,cleavage and polyadenylation specific factor 6,cleavage factor Im complex 68 kDa subunit,uc001sut.4"
PPP1CA,1,2,0,9606.ENSP00000326031,"Serine/threonine-protein phosphatase PP1-alpha catalytic subunit; Protein phosphatase that associates with over 200 regulatory proteins to form highly specific holoenzymes which dephosphorylate hundreds of biological targets. Protein phosphatase 1 (PP1) is essential for cell division, and participates in the regulation of glycogen metabolism, muscle contractility and protein synthesis. Involved in regulation of ionic conductances and long-term synaptic plasticity. May play an important role in dephosphorylating substrates such as the postsynaptic density-associated Ca(2+)/calmodulin de [...]",https://smart.embl.de/smart/DDvec.cgi?smart=341:PP2Ac(41|311)+,"3.1.3.16,3E7A,3E7B,3EGG,3EGH,3HVQ,3N5U,3V4Y,4G9J,4MOV,4MOY,4MP0,4XPN,5499,5IOH,6ALZ,6CZO,6DCX,6DNO,6G0I,6G0J,6GHM,6OBN,6OBP,6OBQ,6OBR,6OBS,6OBU,A0A140VJS9,A6NNR3,AAA36475.1,AAA36508.1,AAB26015.1,AAH01888.1,AAH04482.1,AAH08010.1,AAP35275.1,AEE61066.1,AK313586,AP003419,B2R908,BAG36355.1,BC001888,BC004482,BC008010,BT006629,CAA50197.1,CAB004545,CCDS31618,CCDS31618.1,CCDS8160,CCDS8160.1,CCDS8161,CCDS8161.1,CHEMBL2164,E9PMD7,EC 3.1.3.16,ENSG00000172531,ENSP00000311748,ENSP00000326031,ENSP00000350974,ENSP00000365936,ENSP00000405603,ENSP00000431146,ENSP00000438409,ENSP00000439568,ENST00000307866,ENST00000312989,ENST00000312989.11,ENST00000358239,ENST00000358239.8,ENST00000376745,ENST00000376745.8,ENST00000451458,ENST00000526510,ENST00000526510.5,ENST00000527663,ENST00000527663.5,ENST00000529724,ENST00000529724.1,ENST00000532279,ENST00000532279.1,ENST00000532446,ENST00000532446.5,ENST00000537694,ENST00000537694.1,ENST00000542876,ENST00000542876.1,ENST00000546202,ENST00000546202.5,F5H037,F5H1L6,HGNC:9281,HM005468,HPA046833,J04759,M63960,NM_001008709,NM_001008709.1,NM_001008709.2,NM_002708,NM_002708.3,NM_002708.4,NM_206873,NM_206873.1,NM_206873.2,NP_001008709,NP_001008709.1,NP_002699,NP_002699.1,NP_996756,NP_996756.1,NX_P62136,OMIM:176875,OTTHUMG00000167671,P08129,P20653,P22802,P62136,PP-1A,PP1A,PP1A_HUMAN,PP1alpha,PPP1A,PPP1CA,PPP1CA-201,PPP1CA-202,PPP1CA-203,PPP1CA-204,PPP1CA-205,PPP1CA-206,PPP1CA-207,PPP1CA-208,PPP1CA-209,PPP1CA-210,PPP1CA-211,Protein phosphatase 1 catalytic subunit alpha,Q07161,R-HSA-111885,R-HSA-1430728,R-HSA-162582,R-HSA-163560,R-HSA-170834,R-HSA-180024,R-HSA-2173788,R-HSA-2173789,R-HSA-372790,R-HSA-388396,R-HSA-400253,R-HSA-418594,R-HSA-556833,R-HSA-8979227,R-HSA-9006936,S57501,UPI0000000C37,UPI0000070A42,UPI00001FAD56,UPI0001F78041,UPI000204AECC,UPI0003F48363,URS0000D6E955,X70848,hsa:5499,protein phosphatase 1 catalytic subunit alpha,uc001oku.2,uc001okw.2"
G3BP2,0,1,0,9606.ENSP00000352738,Ras GTPase-activating protein-binding protein 2; Scaffold protein that plays an essential role in cytoplasmic stress granule formation which acts as a platform for antiviral signaling.,https://smart.embl.de/smart/DDvec.cgi?smart=482:Pfam_NTF2(11|133)+RRM(332|405)+,"5DRV,9908,A0A024RDB2,A0A024RDE5,A8K6X1,AAC15705.1,AAC95292.1,AAD51932.1,AAH11731.1,AB014560,AC104828,AF051311,AF053535,AF145284,AK291786,BAA31635.2,BAF84475.1,BC011731,CCDS3571,CCDS3571.1,CCDS3572,CCDS3572.1,CH471057,D6R9A4,D6R9X5,D6RAC7,D6RB17,D6RBM9,D6RBR0,D6RBW8,D6RE13,D6REX8,D6RGJ4,EAX05742.1,EAX05743.1,EAX05744.1,EAX05745.1,EAX05746.1,EAX05747.1,ENSG00000138757,ENSP00000264892,ENSP00000320923,ENSP00000320947,ENSP00000342598,ENSP00000350518,ENSP00000352738,ENSP00000379069,ENSP00000421621,ENSP00000422614,ENSP00000422748,ENSP00000422830,ENSP00000423245,ENSP00000423960,ENSP00000424060,ENSP00000424522,ENSP00000425122,ENSP00000426311,ENSP00000426592,ENSP00000426843,ENST00000264892,ENST00000323673,ENST00000323693,ENST00000343468,ENST00000357854,ENST00000357854.7,ENST00000359707,ENST00000359707.8,ENST00000395719,ENST00000395719.7,ENST00000499709,ENST00000499709.2,ENST00000502654,ENST00000502654.5,ENST00000503660,ENST00000503660.5,ENST00000507133,ENST00000507133.2,ENST00000507252,ENST00000507252.5,ENST00000507701,ENST00000507701.1,ENST00000507745,ENST00000507745.5,ENST00000507947,ENST00000507947.5,ENST00000508510,ENST00000508510.5,ENST00000509100,ENST00000509100.5,ENST00000509561,ENST00000509561.5,ENST00000510902,ENST00000510902.1,ENST00000511146,ENST00000511146.5,ENST00000511868,ENST00000511868.5,ENST00000512447,ENST00000513927,ENST00000513927.1,ENST00000515457,ENST00000515457.5,G3BP stress granule assembly factor 2,G3BP-2,G3BP2,G3BP2-201,G3BP2-202,G3BP2-203,G3BP2-204,G3BP2-205,G3BP2-206,G3BP2-207,G3BP2-208,G3BP2-209,G3BP2-210,G3BP2-211,G3BP2-212,G3BP2-213,G3BP2-214,G3BP2-215,G3BP2-216,G3BP2-217,G3BP2-218,G3BP2-219,G3BP2_HUMAN,GAP SH3 domain-binding protein 2,H0YAE3,HGNC:30291,HPA018304,HPA018425,KIAA0660,NM_012297,NM_012297.4,NM_203504,NM_203504.2,NM_203505,NM_203505.2,NP_036429,NP_036429.2,NP_987100,NP_987100.1,NP_987101,NP_987101.1,NX_Q9UN86,O60606,O75149,OTTHUMG00000130097,Q9UN86,Q9UPA1,Ras GTPase-activating protein-binding protein 2,UPI000002AA21,UPI000013D588,UPI0001D3B4B6,UPI0001D3B4B7,UPI0001D3B4B8,UPI0001D3B4B9,UPI0001D3B4BC,UPI0001D3B4BD,UPI0001D3B4BF,UPI0001D3B4C0,UPI0003F47B07,UPI0003F47CCE,UPI0003F47CDA,URS0000CE855B,URS0000D6D4A8,URS0000D6D67B,URS0000EA2F39,XM_005263382,XM_005263382.2,XM_005263382.3,XM_005263383,XM_005263383.3,XM_011532441,XM_011532441.2,XM_017008876,XM_017008876.1,XM_017008877.1,XM_017008878,XM_017008878.1,XM_017008879,XM_017008879.1,XM_024454294,XM_024454294.1,XP_005263439,XP_005263439.1,XP_005263440,XP_005263440.1,XP_011530743,XP_011530743.1,XP_016864365,XP_016864365.1,XP_016864366.1,XP_016864367,XP_016864367.1,XP_016864368,XP_016864368.1,XP_024310062,XP_024310062.1,hsa:9908,uc003hir.4,uc003his.4"
GEMIN2,0,1,0,9606.ENSP00000308533,"Gem-associated protein 2; The SMN complex plays a catalyst role in the assembly of small nuclear ribonucleoproteins (snRNPs), the building blocks of the spliceosome. Thereby, plays an important role in the splicing of cellular pre-mRNAs. Most spliceosomal snRNPs contain a common set of Sm proteins SNRPB, SNRPD1, SNRPD2, SNRPD3, SNRPE, SNRPF and SNRPG that assemble in a heptameric protein ring on the Sm site of the small nuclear RNA to form the core snRNP. In the cytosol, the Sm proteins SNRPD1, SNRPD2, SNRPE, SNRPF and SNRPG are trapped in an inactive 6S pICln-Sm complex by the chapero [...]",https://smart.embl.de/smart/DDvec.cgi?smart=280:Pfam_SIP1(33|273)+,"2LEH,5XJL,5XJQ,5XJR,5XJS,5XJT,5XJU,8487,A0A3B3IU42,AAB82297.1,AAI04969.1,AB037701,AB037702,AB037703,AF027150,AJ250932,AJ250933,AJ250934,AJ250935,AJ250936,AJ250937,AJ250938,AJ250939,AK313947,AL109628,B2R9W8,BAB03508.1,BAB03509.1,BAB03510.1,BAG36665.1,BC104968,CAB015426,CAC16117.2,CCDS32068,CCDS32068.1,CCDS41946,CCDS41946.1,CCDS9669,CCDS9669.1,CH471078,Component of gems 2,EAW65827.1,ENSG00000092208,ENSP00000250379,ENSP00000308533,ENSP00000314984,ENSP00000315100,ENSP00000315197,ENSP00000379548,ENSP00000416827,ENSP00000431500,ENSP00000434048,ENSP00000436065,ENSP00000436854,ENSP00000474979,ENSP00000498011,ENST00000250379,ENST00000250379.12,ENST00000308317,ENST00000308317.10,ENST00000319631,ENST00000319646,ENST00000319664,ENST00000396249,ENST00000396249.6,ENST00000412033,ENST00000412033.6,ENST00000524781,ENST00000524781.1,ENST00000524980,ENST00000524980.1,ENST00000525153,ENST00000525153.5,ENST00000525430,ENST00000525430.1,ENST00000527381,ENST00000527381.1,ENST00000529365,ENST00000529365.1,ENST00000531684,ENST00000531684.5,ENST00000534684,ENST00000534684.6,ENST00000650481,ENST00000650481.1,G5EA29,GEMI2_HUMAN,GEMIN2,GEMIN2-201,GEMIN2-202,GEMIN2-203,GEMIN2-204,GEMIN2-205,GEMIN2-206,GEMIN2-207,GEMIN2-208,GEMIN2-209,GEMIN2-210,GEMIN2-211,GEMIN2-212,GEMIN2-213,Gem associated protein 2,Gem nuclear organelle associated protein 2,Gem-associated protein 2,Gemin-2,H0YCF4,H0YDP6,H0YEL0,HGNC:10884,HPA046570,HPA057114,NM_001009182,NM_001009182.1,NM_001009183,NM_001009183.1,NM_003616,NM_003616.2,NP_001009182,NP_001009182.1,NP_001009183,NP_001009183.1,NP_003607,NP_003607.1,NX_O14893,O14893,OMIM:602595,OTTHUMG00000028816,Q2M3B3,Q9H4F5,Q9NS77,Q9NS78,Q9NS79,R-HSA-191859,R-HSA-194441,R-HSA-8953854,S4R421,SIP1,SIP1-delta,SMN-interacting protein 1,UPI00000467E5,UPI0000070115,UPI000007358A,UPI000012B3B7,UPI000013CCB2,UPI0001F77BA4,UPI0001F77BA5,UPI00033351BC,UPI0003F48117,UPI000E6F2333,URS0000EAB9DF,URS0000EB3B00,URS0000EB88BD,XM_017021709,XM_017021709.1,XM_024449731,XM_024449731.1,XP_016877198,XP_016877198.1,XP_024305499,XP_024305499.1,gem (nuclear organelle) associated protein 2,gem nuclear organelle associated protein 2,hsa:8487,uc001wuq.4"
RBM41,0,1,0,9606.ENSP00000361557,RNA-binding protein 41; May bind RNA.,https://smart.embl.de/smart/DDvec.cgi?smart=413:RRM(310|383)+,"2CPX,55285,AAH06986.1,AK001878,AK023732,AL390039,BAA91957.1,BAB14660.1,BC006986,CCDS14526,CCDS14526.1,CCDS55472,CCDS55472.1,ENSG00000089682,ENSP00000203616,ENSP00000247059,ENSP00000361557,ENSP00000361560,ENSP00000361565,ENSP00000405522,ENSP00000433251,ENST00000203616,ENST00000247059,ENST00000372479,ENST00000372479.7,ENST00000372482,ENST00000372487,ENST00000372487.5,ENST00000434854,ENST00000434854.1,ENST00000471079,ENST00000471079.1,ENST00000474499,ENST00000474499.1,ENST00000475556,ENST00000475556.1,ENST00000485676,ENST00000485676.5,ENST00000495517,ENST00000495517.5,FLJ11016,H0Y6F9,HGNC:25617,HPA042881,NM_001171080,NM_001171080.1,NM_001171080.2,NM_001324242,NM_001324242.2,NM_001324243,NM_001324243.1,NM_001324244,NM_001324244.2,NM_018301,NM_018301.4,NM_018301.5,NP_001164551,NP_001164551.1,NP_001311171,NP_001311171.1,NP_001311172,NP_001311172.1,NP_001311173,NP_001311173.1,NP_060771,NP_060771.3,NR_136730,NR_136730.2,NX_Q96IZ5,OTTHUMG00000022156,Q5JSN7,Q5JSN8,Q96IZ5,Q9H8F7,Q9NV04,RBM41,RBM41-201,RBM41-202,RBM41-203,RBM41-204,RBM41-205,RBM41-206,RBM41-207,RBM41-208,RBM41_HUMAN,RNA binding motif protein 41,RNA-binding motif protein 41,RNA-binding protein 41,UPI0000073D7B,UPI000013CC0E,UPI00004A3AB9,UPI000059DB70,URS00008B4C79,URS0000CEB0D8,XM_011530980,XM_011530980.3,XM_011530981,XM_011530981.3,XP_011529282,XP_011529282.1,XP_011529283,XP_011529283.1,hsa:55285,uc004emy.3,uc004emz.5"
IPO8,0,1,0,9606.ENSP00000256079,"Importin-8; Seems to function in nuclear protein import, either by acting as autonomous nuclear transport receptor or as an adapter-like protein in association with the importin-beta subunit KPNB1. Acting autonomously, is thought to serve itself as receptor for nuclear localization signals (NLS) and to promote translocation of import substrates through the nuclear pore complex (NPC) by an energy requiring, Ran-dependent mechanism. At the nucleoplasmic side of the NPC, Ran binds to importin, the importin/substrate complex dissociates and importin is re-exported from the nucleus to the c [...]",https://smart.embl.de/smart/DDvec.cgi?smart=1037:IBN_N(22|102)+Pfam_Cse1(173|449)+,"10526,A0A087WXH2,AAB67052.1,AC012673,AC023426,AK302260,B7Z7M3,BAH13659.1,CCDS53773,CCDS53773.1,CCDS8719,CCDS8719.1,ENSG00000133704,ENSP00000256079,ENSP00000439210,ENSP00000439413,ENSP00000439556,ENSP00000440979,ENSP00000443789,ENSP00000444050,ENSP00000444520,ENSP00000446232,ENSP00000446254,ENSP00000481026,ENST00000256079,ENST00000256079.8,ENST00000358724,ENST00000358724.4,ENST00000535598,ENST00000535598.1,ENST00000535989,ENST00000535989.1,ENST00000538338,ENST00000538338.1,ENST00000540979,ENST00000540979.1,ENST00000542464,ENST00000542464.1,ENST00000543446,ENST00000543446.1,ENST00000544829,ENST00000544829.5,ENST00000545077,ENST00000545077.1,ENST00000545286,ENST00000611458,ENST00000611458.4,F5GXT5,F5H009,F5H244,F5H292,F5H2I3,F5H815,H0YH64,HGNC:9853,HPA018439,HPA023765,IMP8,IPO8,IPO8-201,IPO8-202,IPO8-203,IPO8-204,IPO8-205,IPO8-206,IPO8-207,IPO8-208,IPO8-209,IPO8-210,IPO8-211,IPO8_HUMAN,Imp8,Importin 8,Importin-8,NM_001190995,NM_001190995.1,NM_006390,NM_006390.3,NM_006390.4,NP_001177924,NP_001177924.1,NP_006381,NP_006381.2,NX_O15397,O15397,OMIM:605600,OTTHUMG00000169172,R-HSA-211000,R-HSA-5578749,R-HSA-74160,RAN binding protein 8,RANBP8,Ran-binding protein 8,RanBP8,U77494,UPI000013CEE9,UPI000191511E,UPI000204ACF9,UPI000204ACFA,UPI000204ACFB,UPI000204ACFC,UPI000204ACFD,UPI000204ACFE,UPI000204ACFF,UPI0004620D78,URS00008C0149,XM_017018691,XM_017018691.2,XM_017018692,XM_017018692.1,XP_016874180,XP_016874180.1,XP_016874181,XP_016874181.1,hsa:10526,importin 8,uc001rjd.4"
PDCD4,0,1,0,9606.ENSP00000280154,"Programmed cell death protein 4; Inhibits translation initiation and cap-dependent translation. May excert its function by hindering the interaction between EIF4A1 and EIF4G. Inhibits the helicase activity of EIF4A. Modulates the activation of JUN kinase. Down-regulates the expression of MAP4K1, thus inhibiting events important in driving invasion, namely, MAPK85 activation and consequent JUN-dependent transcription. May play a role in apoptosis. Tumor suppressor. Inhibits tumor promoter-induced neoplastic transformation. Binds RNA (By similarity). Belongs to the PDCD4 family.",https://smart.embl.de/smart/DDvec.cgi?smart=469:MA3(164|275)+MA3(327|440)+,"27250,2GGF,2KZT,2RG8,2ZU6,3EIJ,AAB42218.1,AAB67706.1,AAH15036.1,AAH26104.1,AAH31049.1,AK223623,AK315295,AL136368,AL158163,B2RCV4,B5ME91,BAD97343.1,BAG37701.1,BC015036,BC026104,BC031049,CAB037024,CCDS44478,CCDS44478.1,CCDS7567,CCDS7567.1,CHEMBL1781868,ENSG00000150593,ENSP00000280154,ENSP00000320257,ENSP00000343926,ENSP00000376816,ENSP00000394668,ENSP00000413514,ENSP00000415820,ENST00000280154,ENST00000280154.11,ENST00000316285,ENST00000347694,ENST00000393104,ENST00000393104.6,ENST00000444997,ENST00000444997.1,ENST00000445683,ENST00000452838,ENST00000462577,ENST00000462577.5,ENST00000467574,ENST00000467574.5,ENST00000481353,ENST00000481353.5,ENST00000483595,ENST00000483595.1,ENST00000483670,ENST00000483670.5,ENST00000489049,ENST00000489049.5,ENST00000492932,ENST00000492932.5,ENST00000498367,ENST00000498367.1,ENST00000580906,H731,HGNC:8763,HPA001032,HPA027214,NM_001199492,NM_001199492.1,NM_014456,NM_014456.4,NM_014456.5,NM_145341,NM_145341.3,NP_001186421,NP_001186421.1,NP_055271,NP_055271.2,NP_663314,NP_663314.1,NX_Q53EL6,Neoplastic transformation inhibitor protein,Nuclear antigen H731-like,O15501,OMIM:608610,OTTHUMG00000019048,PDCD4,PDCD4-201,PDCD4-202,PDCD4-203,PDCD4-204,PDCD4-205,PDCD4-206,PDCD4-207,PDCD4-208,PDCD4-209,PDCD4-210,PDCD4-211,PDCD4_HUMAN,Programmed cell death 4,Programmed cell death protein 4,Protein 197/15a,Q53EL6,Q5VZS6,Q5VZS7,Q6PJI5,Q8TAR5,Q99834,R-HSA-1280215,R-HSA-168256,R-HSA-447115,R-HSA-449147,R-HSA-8950505,R-HSA-9020591,U83908,U96628,UPI000013DBFF,UPI000013FD3F,UPI0000458898,URS00009C1707,URS0000EB88DA,hsa:27250,nuclear antigen H731,programmed cell death 4,uc001kzg.4,uc001kzh.4"
ILF3,0,1,0,9606.ENSP00000404121,"Interleukin enhancer-binding factor 3; RNA-binding protein that plays an essential role in the biogenesis of circular RNAs (circRNAs) which are produced by back- splicing circularization of pre-mRNAs. Within the nucleus, promotes circRNAs processing by stabilizing the regulatory elements residing in the flanking introns of the circularized exons. Plays thereby a role in the back-splicing of a subset of circRNAs. As a consequence, participates in a wide range of transcriptional and post- transcriptional processes. Binds to poly-U elements and AU-rich elements (AREs) in the 3'-UTR of tar [...]",https://smart.embl.de/smart/DDvec.cgi?smart=898:DZF(88|342)+DSRM(402|466)+DSRM(529|593)+,"2L33,3609,3P1X,A0A024R7C7,A8K6F2,AAA20994.1,AAC19152.1,AAD33966.1,AAD37575.1,AAD51098.1,AAD51099.1,AAF82685.1,AAF82686.1,AAF82687.1,AAH48314.1,AAH64836.1,AAK07424.1,AAK07425.1,AC011475,AF007140,AF141870,AF147209,AF167569,AF167570,AF202445,AF320228,AF320229,AF320230,AF320231,AF320232,AF320233,AF320234,AF320235,AF320236,AF320237,AF320238,AF320239,AF320240,AF320241,AF320242,AF320243,AF320244,AF320245,AF320246,AF320247,AJ271741,AJ271744,AJ271745,AJ271746,AJ271747,AK291617,BAF84306.1,BC048314,BC064836,CAA66917.1,CAA66918.1,CAC01121.1,CAC01122.1,CAC01123.1,CAC01124.1,CAC01404.1,CAC01405.1,CAC01406.1,CAC01407.1,CBTF,CCDS12246,CCDS12246.1,CCDS12247,CCDS12247.1,CCDS45965,CCDS45965.1,CCDS45966,CCDS45966.1,CCDS45967,CCDS45967.1,CH471106,DRBF,DRBP76,Double-stranded RNA-binding protein 76,EAW84132.1,EAW84134.1,EAW84136.1,ENSG00000129351,ENSP00000250241,ENSP00000312465,ENSP00000315205,ENSP00000315551,ENSP00000315864,ENSP00000316008,ENSP00000337305,ENSP00000369957,ENSP00000384660,ENSP00000404121,ENSP00000405436,ENSP00000440112,ENSP00000443155,ENSP00000464974,ENSP00000465219,ENSP00000465515,ENSP00000465654,ENSP00000465831,ENSP00000466235,ENSP00000466396,ENSP00000466724,ENSP00000466991,ENSP00000467372,ENSP00000467704,ENSP00000467950,ENSP00000468092,ENSP00000468134,ENSP00000468156,ENSP00000468181,ENSP00000468323,ENST00000250241,ENST00000250241.12,ENST00000309090,ENST00000318511,ENST00000318546,ENST00000318569,ENST00000318587,ENST00000336059,ENST00000380583,ENST00000407004,ENST00000407004.7,ENST00000420083,ENST00000449870,ENST00000449870.5,ENST00000541100,ENST00000541585,ENST00000585835,ENST00000585835.1,ENST00000586544,ENST00000586544.1,ENST00000587505,ENST00000587505.5,ENST00000587840,ENST00000587840.5,ENST00000587928,ENST00000587928.5,ENST00000587941,ENST00000587941.1,ENST00000588657,ENST00000588657.5,ENST00000589052,ENST00000589052.5,ENST00000589173,ENST00000589173.1,ENST00000589283,ENST00000589283.5,ENST00000589416,ENST00000589416.5,ENST00000589485,ENST00000589485.5,ENST00000589600,ENST00000589600.5,ENST00000589998,ENST00000589998.5,ENST00000590009,ENST00000590009.5,ENST00000590261,ENST00000590261.5,ENST00000590869,ENST00000590869.1,ENST00000591649,ENST00000591649.5,ENST00000592763,ENST00000592763.5,ENST00000593061,ENST00000593061.5,ENST00000593199,ENST00000593199.5,G5E9M5,HGNC:6038,HPA001897,ILF3,ILF3-201,ILF3-202,ILF3-203,ILF3-204,ILF3-205,ILF3-206,ILF3-207,ILF3-208,ILF3-209,ILF3-210,ILF3-211,ILF3-212,ILF3-213,ILF3-214,ILF3-215,ILF3-216,ILF3-217,ILF3-218,ILF3-219,ILF3-220,ILF3-221,ILF3-222,ILF3-223,ILF3-224,ILF3_HUMAN,Interleukin enhancer binding factor 3,Interleukin enhancer-binding factor 3,K7EJ09,K7EKJ9,K7EKY0,K7ELV3,K7EM82,K7EMZ8,K7ENK6,K7EPG3,K7EQ75,K7EQR9,K7ER69,K7ERM6,M-phase phosphoprotein 4,MMP4,MPHOSPH4,MPP4,MPP4110,NF-AT-90,NF110,NF110b,NF90,NF90a,NF90b,NF90c,NF90ctv,NFAR,NFAR-1,NFAR-2,NFAR110,NFAR2,NFAR90,NM_001137673,NM_001137673.1,NM_001137673.2,NM_004516,NM_004516.3,NM_004516.4,NM_012218,NM_012218.3,NM_012218.4,NM_017620,NM_017620.2,NM_153464,NM_153464.2,NM_153464.3,NP_001131145,NP_001131145.1,NP_004507,NP_004507.2,NP_036350,NP_036350.2,NP_060090,NP_060090.2,NP_703194,NP_703194.1,NX_Q12906,Nuclear factor associated with dsRNA,Nuclear factor of activated T-cells 90 kDa,O43409,OMIM:603182,OTTHUMG00000180587,Q12906,Q6P1X1,Q86XY7,Q99544,Q99545,Q9BZH4,Q9BZH5,Q9NQ95,Q9NQ96,Q9NQ97,Q9NQ98,Q9NQ99,Q9NQA0,Q9NQA1,Q9NQA2,Q9NRN2,Q9NRN3,Q9NRN4,Q9UMZ9,Q9UN00,Q9UN84,Q9UNA2,TCP110,TCP80,Translational control protein 80,U10324,UPI00001613CB,UPI0000161643,UPI0000163A87,UPI0000203344,UPI00004F6EF7,UPI000059D66A,UPI0002840B9D,UPI0002840B9E,UPI0002840B9F,UPI0002840BA1,UPI0002840BA2,UPI0002840BA3,UPI0002840BA4,UPI0002840BA5,UPI0002840BA6,UPI0002840BA7,UPI0002840BA8,UPI0003F47F5E,URS0000EB835F,X98264,X98265,XM_006722742,XM_006722742.2,XM_011527984,XM_011527984.2,XM_011527985,XM_011527985.2,XM_011527987,XM_011527987.1,XM_017026763,XM_017026763.1,XM_017026765,XM_017026765.1,XM_024451490,XM_024451490.1,XM_024451491,XM_024451491.1,XP_006722805,XP_006722805.1,XP_011526286,XP_011526286.2,XP_011526287,XP_011526287.1,XP_011526289,XP_011526289.1,XP_016882252,XP_016882252.1,XP_016882254,XP_016882254.1,XP_024307258,XP_024307258.1,XP_024307259,XP_024307259.1,double-stranded RNA-binding protein, 76 kD,dsRNA binding protein NFAR-2/MPP4,hsa:3609,interleukin enhancer binding factor 3,interleukin enhancer binding factor 3, 90kD,interleukin enhancer binding factor 3, 90kDa,nuclear factor of activated T-cells 110 kDa,nuclear factor of activated T-cells 90 kDa,translational control protein 80,uc002mpl.3,uc002mpo.4"
PPP1R3B,0,1,0,9606.ENSP00000308318,"Protein phosphatase 1 regulatory subunit 3B; Acts as a glycogen-targeting subunit for phosphatase PP1. Facilitates interaction of the PP1 with enzymes of the glycogen metabolism and regulates its activity. Suppresses the rate at which PP1 dephosphorylates (inactivates) glycogen phosphorylase and enhances the rate at which it activates glycogen synthase and therefore limits glycogen breakdown. Its activity is inhibited by PYGL, resulting in inhibition of the glycogen synthase and glycogen phosphorylase phosphatase activities of PP1. Dramatically increases basal and insulin-stimulated gl [...]",https://smart.embl.de/smart/DDvec.cgi?smart=285:Pfam_CBM53(147|233)+,"2EEF,5ZT0,79660,AAH43388.1,AK024067,AK096119,B3KTV3,BAB14811.1,BAG53215.1,BC043388,CCDS5973,CCDS5973.1,CH471157,EAW65572.1,ENSG00000173281,ENSP00000308318,ENSP00000428642,ENST00000310455,ENST00000310455.3,ENST00000519699,ENST00000519699.1,FLJ14005,GL,HGNC:14942,HPA028731,NM_001201329,NM_001201329.1,NM_001201329.2,NM_024607,NM_024607.3,NM_024607.4,NP_001188258,NP_001188258.1,NP_078883,NP_078883.2,NX_Q86XI6,OMIM:610541,OTTHUMG00000129329,PP1 subunit R4,PPP1R3B,PPP1R3B-201,PPP1R3B-202,PPP1R4,PPR3B_HUMAN,PTG,Protein phosphatase 1 regulatory subunit 3B,Protein phosphatase 1 regulatory subunit 4,Protein phosphatase 1 subunit GL,Q86XI6,Q9H812,UPI000000DA40,XM_006716253,XM_006716253.3,XM_017013835,XM_017013835.1,XP_006716316,XP_006716316.1,XP_016869324,XP_016869324.1,hepatic glycogen-targeting subunit, G(L),hsa:79660,protein phosphatase 1 regulatory subunit 3B,protein phosphatase 1, regulatory subunit 3B,uc003wsn.5"
SRSF11,0,1,0,9606.ENSP00000359988,Serine/arginine-rich splicing factor 11; May function in pre-mRNA splicing.,https://smart.embl.de/smart/DDvec.cgi?smart=484:RRM(34|108)+,"9295,AAA35554.1,AAH40436.1,AK301670,AL353771,Arginine-rich 54 kDa nuclear protein,B4DWT1,BAG63143.1,BC040436,CCDS53332,CCDS53332.1,CCDS647,CCDS647.1,CH471059,EAX06459.1,ENSG00000116754,ENSP00000235399,ENSP00000344588,ENSP00000359987,ENSP00000359988,ENSP00000359989,ENSP00000378568,ENSP00000384357,ENSP00000401043,ENSP00000405120,ENSP00000411159,ENSP00000474149,ENSP00000474372,ENST00000235399,ENST00000344031,ENST00000370949,ENST00000370949.1,ENST00000370950,ENST00000370950.7,ENST00000370951,ENST00000370951.5,ENST00000395136,ENST00000395136.6,ENST00000405432,ENST00000429640,ENST00000436161,ENST00000454435,ENST00000460795,ENST00000460795.5,ENST00000461935,ENST00000461935.1,ENST00000463116,ENST00000463116.1,ENST00000463859,ENST00000463859.5,ENST00000463877,ENST00000463877.1,ENST00000469170,ENST00000469170.5,ENST00000473950,ENST00000473950.5,ENST00000475204,ENST00000475204.5,ENST00000481648,ENST00000481648.5,ENST00000484162,ENST00000484162.5,ENST00000486667,ENST00000486667.5,ENST00000489188,ENST00000489188.1,HGNC:10782,HPA008762,M74002,NET2,NM_001190987,NM_001190987.1,NM_001190987.3,NM_001350605,NM_001350605.2,NM_001350606,NM_001350606.2,NM_001350607,NM_001350607.2,NM_001350608,NM_001350608.2,NM_001350609,NM_001350609.2,NM_001350610,NM_001350610.2,NM_001350611,NM_001350611.2,NM_001350612,NM_001350612.2,NM_001350613,NM_001350613.2,NM_001350614,NM_001350614.2,NM_001350615,NM_001350615.2,NM_001350616,NM_001350616.2,NM_004768,NM_004768.3,NM_004768.5,NP_001177916,NP_001177916.1,NP_001337534,NP_001337534.1,NP_001337535,NP_001337535.1,NP_001337536,NP_001337536.1,NP_001337537,NP_001337537.1,NP_001337538,NP_001337538.1,NP_001337539,NP_001337539.1,NP_001337540,NP_001337540.1,NP_001337541,NP_001337541.1,NP_001337542,NP_001337542.1,NP_001337543,NP_001337543.1,NP_001337544,NP_001337544.1,NP_001337545,NP_001337545.1,NP_004759,NP_004759.1,NR_146810,NR_146810.2,NX_Q05519,OMIM:602010,OTTHUMG00000009342,Q05519,Q5T757,Q5T758,Q5T760,Q8IWE6,R-HSA-159236,R-HSA-72163,R-HSA-72172,R-HSA-72187,R-HSA-72202,R-HSA-72203,R-HSA-73856,R-HSA-73857,R-HSA-74160,R-HSA-8953854,S4R3C4,SFRS11,SR splicing factor 11,SRS11_HUMAN,SRSF11,SRSF11-201,SRSF11-202,SRSF11-203,SRSF11-204,SRSF11-205,SRSF11-206,SRSF11-207,SRSF11-208,SRSF11-209,SRSF11-210,SRSF11-211,SRSF11-212,SRSF11-213,SRSF11-214,SRSF11-215,SRSF11-216,Serine and arginine rich splicing factor 11,Serine/arginine-rich splicing factor 11,Splicing factor, arginine/serine-rich 11,UPI0000074500,UPI00001358C5,UPI000022AEA6,UPI0000373D3B,UPI0000470BDD,UPI00017A817E,URS00008BBF49,URS00008C11E3,URS0000CFC169,URS0000D2441A,URS0000D33E67,URS0000EC0A56,XM_005271338,XM_005271338.4,XM_011542427.2,XM_011542428,XM_011542428.3,XM_011542431,XM_011542431.2,XM_017002812.1,XM_017002813.1,XM_017002815,XM_017002815.2,XM_017002817,XM_017002817.2,XM_017002819,XM_017002819.2,XM_017002820,XM_017002820.2,XM_017002825,XM_017002825.2,XM_017002831,XM_017002831.2,XM_024450905,XM_024450905.1,XM_024450906,XM_024450906.1,XM_024450908,XM_024450908.1,XM_024450912,XM_024450912.1,XM_024450915,XM_024450915.1,XM_024450916,XM_024450916.1,XM_024450917,XM_024450917.1,XM_024450921,XM_024450921.1,XM_024450922,XM_024450922.1,XM_024450923,XM_024450923.1,XM_024450925,XM_024450925.1,XM_024450927,XM_024450927.1,XP_005271395,XP_005271395.1,XP_011540729.1,XP_011540730,XP_011540730.1,XP_011540733,XP_011540733.1,XP_016858301.1,XP_016858302.1,XP_016858304,XP_016858304.1,XP_016858306,XP_016858306.1,XP_016858308,XP_016858308.1,XP_016858309,XP_016858309.1,XP_016858314,XP_016858314.1,XP_016858320,XP_016858320.1,XP_024306673,XP_024306673.1,XP_024306674,XP_024306674.1,XP_024306676,XP_024306676.1,XP_024306680,XP_024306680.1,XP_024306683,XP_024306683.1,XP_024306684,XP_024306684.1,XP_024306685,XP_024306685.1,XP_024306689,XP_024306689.1,XP_024306690,XP_024306690.1,XP_024306691,XP_024306691.1,XP_024306693,XP_024306693.1,XP_024306695,XP_024306695.1,XR_426640,XR_426640.4,dJ677H15.2,hsa:9295,p54,serine and arginine rich splicing factor 11,serine/arginine-rich splicing factor 11,splicing factor, arginine/serine-rich 11,uc001des.4"
